{"cameraMode":{"drawMode":0,"name":"Shaded","section":"Shading Mode"},"sceneLighting":true,"audioPlay":false,"sceneViewState":{"m_AlwaysRefresh":false,"showFog":true,"showSkybox":true,"showFlares":true,"showImageEffects":true,"showParticleSystems":true,"showVisualEffectGraphs":true,"m_FxEnabled":true},"in2DMode":false,"pivot":{"x":0.07794424891471863,"y":0.18858015537261964,"z":-1.886940360069275},"rotation":{"x":0.13328418135643006,"y":-0.030304327607154847,"z":0.0040793647058308128,"w":0.9906060099601746},"size":3.3081531524658205,"orthographic":false}